http://localhost:4000/jekyll/docker/2014/07/23/jekyll-and-docker/,https://agileek.github.io/jekyll/docker/2014/07/23/jekyll-and-docker/
http://agileek.github.io/jekyll/docker/2014/07/23/jekyll-and-docker/,https://agileek.github.io/jekyll/docker/2014/07/23/jekyll-and-docker/
http://192.168.1.98:4000/jekyll/docker/2014/07/23/jekyll-and-docker/,https://agileek.github.io/jekyll/docker/2014/07/23/jekyll-and-docker/
http://localhost:4000/docker/2014/07/26/docker-intro/,https://agileek.github.io/docker/2014/07/26/docker-intro/
http://localhost:4000/docker/2014/08/06/docker-cpuset/,https://agileek.github.io/docker/2014/08/06/docker-cpuset/
http://agileek.github.io/docker/2014/08/06/docker-cpuset/,https://agileek.github.io/docker/2014/08/06/docker-cpuset/
https://agileek.github.io/docker/2014/08/06/docker-cpuset/,https://agileek.github.io/docker/2014/08/06/docker-cpuset/
https://agileek.github.io/jekyll/docker/2014/07/23/jekyll-and-docker/,https://agileek.github.io/jekyll/docker/2014/07/23/jekyll-and-docker/
http://192.168.0.20:4000/docker/2014/08/06/docker-cpuset/,https://agileek.github.io/docker/2014/08/06/docker-cpuset/
http://localhost:4000/docker/2014/09/21/docker-intro/,https://agileek.github.io/docker/2014/09/21/docker-intro/
http://localhost:4000/intellij/java/2015/02/20/2015-02-05-intellij-live-template-log/,https://agileek.github.io/intellij/java/2015/02/20/2015-02-05-intellij-live-template-log/
http://localhost:4000/intellij/java/2015/03/01/intellij-live-template-log/,https://agileek.github.io/intellij/java/2015/03/01/intellij-live-template-log/
http://localhost:4000/pole_emploi/2015/03/01/2015-03-01-embaucher-un-cdd/,https://agileek.github.io/pole_emploi/2015/03/01/2015-03-01-embaucher-un-cdd/
http://localhost:4000/pole_emploi/2015/03/02/2015-03-01-embaucher-un-cdd/,https://agileek.github.io/pole_emploi/2015/03/02/2015-03-01-embaucher-un-cdd/
http://agileek.github.io/intellij/java/2015/03/01/intellij-live-template-log/,https://agileek.github.io/intellij/java/2015/03/01/intellij-live-template-log/
http://agileek.github.io/docker/jekyll/2014/07/23/jekyll-and-docker/,https://agileek.github.io/docker/jekyll/2014/07/23/jekyll-and-docker/
https://agileek.github.io/docker/jekyll/2014/07/23/jekyll-and-docker/,https://agileek.github.io/docker/jekyll/2014/07/23/jekyll-and-docker/
http://localhost:4000/2015/04/01/2015-04-01-one-day-one-post/,https://agileek.github.io/2015/04/01/2015-04-01-one-day-one-post/
http://localhost:4000/2015/04/01/one-day-one-post/,https://agileek.github.io/2015/04/01/one-day-one-post/
http://agileek.github.io/2015/04/01/one-day-one-post/,https://agileek.github.io/2015/04/01/one-day-one-post/
http://localhost:4000/docker/jekyll/2015/04/02/2015-04-02-jekyll-generator-with-github/,https://agileek.github.io/docker/jekyll/2015/04/02/2015-04-02-jekyll-generator-with-github/
http://192.168.0.35:4000/docker/jekyll/2015/04/02/2015-04-02-jekyll-generator-with-github/,https://agileek.github.io/docker/jekyll/2015/04/02/2015-04-02-jekyll-generator-with-github/
http://192.168.0.35:4000/docker/jekyll/2015/04/03/2015-04-0X-before-devoxx-france/,https://agileek.github.io/docker/jekyll/2015/04/03/2015-04-0X-before-devoxx-france/
http://localhost:8000/docker/jekyll/2015/04/02/jekyll-generator-with-github/,https://agileek.github.io/docker/jekyll/2015/04/02/jekyll-generator-with-github/
http://agileek.github.io/docker/jekyll/2015/04/02/jekyll-generator-with-github/,https://agileek.github.io/docker/jekyll/2015/04/02/jekyll-generator-with-github/
http://localhost:4000/docker/jekyll/2015/04/02/jekyll-generator-with-github/,https://agileek.github.io/docker/jekyll/2015/04/02/jekyll-generator-with-github/
http://192.168.0.35:4000/docker/2015/04/03/2015-04-03-docker-rm/,https://agileek.github.io/docker/2015/04/03/2015-04-03-docker-rm/
http://192.168.0.35:4000/java/2015/04/03/2015-04-03-maven-polyglot/,https://agileek.github.io/java/2015/04/03/2015-04-03-maven-polyglot/
http://localhost:8000/java/2015/04/03/maven-polyglot/,https://agileek.github.io/java/2015/04/03/maven-polyglot/
http://agileek.github.io/java/2015/04/03/maven-polyglot/,https://agileek.github.io/java/2015/04/03/maven-polyglot/
https://translate.googleusercontent.com/translate_c?act=url&depth=1&hl=en&ie=UTF8&prev=_t&rurl=translate.google.com&sl=fr&tl=en&u=http://agileek.github.io/java/2015/04/03/maven-polyglot/&usg=ALkJrhhgfERNqDvAuRd3ZlKjRUcMGf34YA,https://translate.googleusercontent.com/translate_c?act=url&depth=1&hl=en&ie=UTF8&prev=_t&rurl=translate.google.com&sl=fr&tl=en&u=https://agileek.github.io/java/2015/04/03/maven-polyglot/&usg=ALkJrhhgfERNqDvAuRd3ZlKjRUcMGf34YA
http://localhost:4000/docker/2015/04/03/2015-04-03-docker-rm/,https://agileek.github.io/docker/2015/04/03/2015-04-03-docker-rm/
http://localhost:4000/docker/2015/04/04/2015-04-04-docker-rm/,https://agileek.github.io/docker/2015/04/04/2015-04-04-docker-rm/
http://192.168.0.35:4000/docker/2015/04/04/2015-04-04-docker-rm/,https://agileek.github.io/docker/2015/04/04/2015-04-04-docker-rm/
http://192.168.0.35:4000/docker/2015/04/05/2015-04-05-docker-layers/,https://agileek.github.io/docker/2015/04/05/2015-04-05-docker-layers/
https://agileek.github.io/java/2015/04/03/maven-polyglot/,https://agileek.github.io/java/2015/04/03/maven-polyglot/
http://localhost:4000/java/2015/04/03/maven-polyglot/,https://agileek.github.io/java/2015/04/03/maven-polyglot/
http://192.168.0.35:4000/docker/2015/04/04/docker-rm/,https://agileek.github.io/docker/2015/04/04/docker-rm/
http://agileek.github.io/docker/2015/04/04/docker-rm/,https://agileek.github.io/docker/2015/04/04/docker-rm/
https://agileek.github.io/docker/2015/04/04/docker-rm/,https://agileek.github.io/docker/2015/04/04/docker-rm/
https://agileek.github.io/docker/jekyll/2015/04/02/jekyll-generator-with-github/,https://agileek.github.io/docker/jekyll/2015/04/02/jekyll-generator-with-github/
http://192.168.0.35:4000/food/2015/04/06/2015-04-06-food-moelleux-au-chocolat/,https://agileek.github.io/food/2015/04/06/2015-04-06-food-moelleux-au-chocolat/
http://192.168.0.35:4000/food/2015/04/05/2015-04-05-food-moelleux-au-chocolat/,https://agileek.github.io/food/2015/04/05/2015-04-05-food-moelleux-au-chocolat/
http://192.168.0.35:4000/food/2015/04/05/food-moelleux-au-chocolat/,https://agileek.github.io/food/2015/04/05/food-moelleux-au-chocolat/
http://agileek.github.io/food/2015/04/05/food-moelleux-au-chocolat/,https://agileek.github.io/food/2015/04/05/food-moelleux-au-chocolat/
http://192.168.0.35:4000/java/2015/04/07/2015-04-07-before-devoxx-france/,https://agileek.github.io/java/2015/04/07/2015-04-07-before-devoxx-france/
http://192.168.0.35:4000/java/2015/04/07/2015-04-06-before-devoxx-france/,https://agileek.github.io/java/2015/04/07/2015-04-06-before-devoxx-france/
http://192.168.0.35:4000/java/2015/04/06/2015-04-06-before-devoxx-france/,https://agileek.github.io/java/2015/04/06/2015-04-06-before-devoxx-france/
http://192.168.0.35:4000/docker/2015/04/07/2015-04-07-docker-layers/,https://agileek.github.io/docker/2015/04/07/2015-04-07-docker-layers/
http://192.168.0.35:4000/java/2015/04/11/2015-04-11-assertJ-3.0.0/,https://agileek.github.io/java/2015/04/11/2015-04-11-assertJ-3.0.0/
http://192.168.0.35:4000/java/2015/04/06/assertJ-3.0.0/,https://agileek.github.io/java/2015/04/06/assertJ-3.0.0/
http://agileek.github.io/java/2015/04/06/assertJ-3.0.0/,https://agileek.github.io/java/2015/04/06/assertJ-3.0.0/
http://localhost:4000/java/2015/04/07/before-devoxx-france/,https://agileek.github.io/java/2015/04/07/before-devoxx-france/
http://agileek.github.io/java/2015/04/07/before-devoxx-france/,https://agileek.github.io/java/2015/04/07/before-devoxx-france/
https://agileek.github.io/java/2015/04/06/assertJ-3.0.0/,https://agileek.github.io/java/2015/04/06/assertJ-3.0.0/
https://agileek.github.io/java/2015/04/07/before-devoxx-france/,https://agileek.github.io/java/2015/04/07/before-devoxx-france/
https://agileek.github.io/food/2015/04/05/food-moelleux-au-chocolat/,https://agileek.github.io/food/2015/04/05/food-moelleux-au-chocolat/
https://agileek.github.io/2015/04/01/one-day-one-post/,https://agileek.github.io/2015/04/01/one-day-one-post/
https://agileek.github.io/intellij/java/2015/03/01/intellij-live-template-log/,https://agileek.github.io/intellij/java/2015/03/01/intellij-live-template-log/
http://agileek.github.io/java/2015/04/08/devoxx-jour-1/,https://agileek.github.io/java/2015/04/08/devoxx-jour-1/
http://localhost:4000/java/2015/04/08/devoxx-jour-1/,https://agileek.github.io/java/2015/04/08/devoxx-jour-1/
http://localhost:4000/java/2015/04/09/devoxx-france-second-day/,https://agileek.github.io/java/2015/04/09/devoxx-france-second-day/
http://agileek.github.io/java/2015/04/09/devoxx-france-second-day/,https://agileek.github.io/java/2015/04/09/devoxx-france-second-day/
https://agileek.github.io/java/2015/04/09/devoxx-france-second-day/,https://agileek.github.io/java/2015/04/09/devoxx-france-second-day/
https://agileek.github.io/java/2015/04/08/devoxx-jour-1/,https://agileek.github.io/java/2015/04/08/devoxx-jour-1/
http://localhost:4000/java/2015/04/10/devoxx-france-third-day/,https://agileek.github.io/java/2015/04/10/devoxx-france-third-day/
http://agileek.github.io/java/2015/04/10/devoxx-france-third-day/,https://agileek.github.io/java/2015/04/10/devoxx-france-third-day/
https://agileek.github.io/java/2015/04/10/devoxx-france-third-day/,https://agileek.github.io/java/2015/04/10/devoxx-france-third-day/
http://localhost:4000/docker/2015/04/11/docker-layers/,https://agileek.github.io/docker/2015/04/11/docker-layers/
http://agileek.github.io/docker/2015/04/11/docker-layers/,https://agileek.github.io/docker/2015/04/11/docker-layers/
http://localhost:4000/docker/2015/04/12/2015-04-12-docker-cmd/,https://agileek.github.io/docker/2015/04/12/2015-04-12-docker-cmd/
http://192.168.0.20:4000/docker/2015/04/12/2015-04-12-docker-cmd/,https://agileek.github.io/docker/2015/04/12/2015-04-12-docker-cmd/
http://192.168.0.20:4000/docker/2015/04/12/docker-cmd/,https://agileek.github.io/docker/2015/04/12/docker-cmd/
http://agileek.github.io/docker/2015/04/12/docker-cmd/,https://agileek.github.io/docker/2015/04/12/docker-cmd/
https://agileek.github.io/docker/2015/04/12/docker-cmd/,https://agileek.github.io/docker/2015/04/12/docker-cmd/
http://localhost:4000/docker/2015/04/13/2015-04-13-docker-ansible/,https://agileek.github.io/docker/2015/04/13/2015-04-13-docker-ansible/
http://agileek.github.io/docker/2015/04/13/docker-ansible/,https://agileek.github.io/docker/2015/04/13/docker-ansible/
http://localhost:4000/2015/04/14/2015-04-14-typematrix-dvorak/,https://agileek.github.io/2015/04/14/2015-04-14-typematrix-dvorak/
http://localhost:4000/docker/jekyll/2014/07/23/jekyll-and-docker/,https://agileek.github.io/docker/jekyll/2014/07/23/jekyll-and-docker/
http://localhost:4000/2015/04/15/2015-04-14-typematrix-dvorak/,https://agileek.github.io/2015/04/15/2015-04-14-typematrix-dvorak/
http://localhost:4000/2015/04/15/2015-04-15-typematrix-dvorak/,https://agileek.github.io/2015/04/15/2015-04-15-typematrix-dvorak/
http://localhost:4000/java/2015/04/14/2015-04-14-fluenthttp/,https://agileek.github.io/java/2015/04/14/2015-04-14-fluenthttp/
http://localhost:4000/terminal/2015/04/16/2015-04-16-httpie_and_json/,https://agileek.github.io/terminal/2015/04/16/2015-04-16-httpie_and_json/
http://localhost:4000/terminal/2015/04/14/httpie_and_json/,https://agileek.github.io/terminal/2015/04/14/httpie_and_json/
http://agileek.github.io/terminal/2015/04/14/httpie_and_json/,https://agileek.github.io/terminal/2015/04/14/httpie_and_json/
http://localhost:4000/2015/04/15/typematrix-dvorak/,https://agileek.github.io/2015/04/15/typematrix-dvorak/
http://agileek.github.io/2015/04/15/typematrix-dvorak/,https://agileek.github.io/2015/04/15/typematrix-dvorak/
https://agileek.github.io/terminal/2015/04/14/httpie_and_json/,https://agileek.github.io/terminal/2015/04/14/httpie_and_json/
https://agileek.github.io/2015/04/15/typematrix-dvorak/,https://agileek.github.io/2015/04/15/typematrix-dvorak/
https://agileek.github.io/docker/2015/04/13/docker-ansible/,https://agileek.github.io/docker/2015/04/13/docker-ansible/
https://agileek.github.io/docker/2015/04/11/docker-layers/,https://agileek.github.io/docker/2015/04/11/docker-layers/
http://localhost:4000/home_automation/2015/09/08/2015-09-08-starting_home_automation/,https://agileek.github.io/home_automation/2015/09/08/2015-09-08-starting_home_automation/
http://localhost:4000/home_automation/2015/11/09/2015-11-09-home_automation_domoticz/,https://agileek.github.io/home_automation/2015/11/09/2015-11-09-home_automation_domoticz/
http://localhost:4000/jekyll/2015/11/19/2015-11-19_disqus_https_and_http/,https://agileek.github.io/jekyll/2015/11/19/2015-11-19_disqus_https_and_http/
